metric_name,metric_type,interval,unit_name,per_unit_name,description,orientation,integration,short_name,curated_metric,
rdsc.bdb_conns,count,15s,NETWORK,connection,Number of client connections to DB,0,redis_enterprise_database,bdb_conns,
rdsc.bdb_egress_bytes,rate,15s,BYTES,second,Rate of outgoing network traffic from the DB (bytes/sec),0,redis_enterprise_database,bdb_egress_bytes,
rdsc.bdb_egress_bytes_max,gauge,15s,BYTES,second,Highest value of rate of outgoing network traffic from the DB (bytes/sec),1,redis_enterprise_database,bdb_egress_bytes_max,
rdsc.bdb_evicted_objects,rate,15s,CACHE,evictions/sec,Rate of key evictions from DB (evictions/sec),0,redis_enterprise_database,bdb_evicted_objects,
rdsc.bdb_evicted_objects_max,gauge,15s,CACHE,evictions/sec,Highest value of rate of key evictions from DB (evictions/sec),1,redis_enterprise_database,bdb_evicted_objects_max,
rdsc.bdb_expired_objects,rate,15s,CACHE,expirations/sec,Rate keys expired in DB (expirations/sec),0,redis_enterprise_database,bdb_expired_objects,
rdsc.bdb_expired_objects_max,gauge,15s,GENERAL,expirations/sec,eventHighest value of rate keys expired in DB (expirations/sec),1,redis_enterprise_database,bdb_expired_objects_max,
rdsc.bdb_fork_cpu_system,rate,15s,SYSTEM,cpu,% cores utilization in system mode for all redis shard fork child processes of this database,0,redis_enterprise_database,bdb_fork_cpu_system,
rdsc.bdb_fork_cpu_system_max,gauge,15s,SYSTEM,cpu,Highest value of % cores utilization in system mode for all redis shard fork child processes of this database,1,redis_enterprise_database,bdb_fork_cpu_system_max,
rdsc.bdb_fork_cpu_user,rate,15s,SYSTEM,cpu,% cores utilization in user mode for all redis shard fork child processes of this database,0,redis_enterprise_database,bdb_fork_cpu_user,
rdsc.bdb_fork_cpu_user_max,gauge,15s,SYSTEM,cpu,Highest value of % cores utilization in user mode for all redis shard fork child processes of this database,1,redis_enterprise_database,bdb_fork_cpu_user_max,
rdsc.bdb_ingress_bytes,count,15s,BYTES,second,Rate of incoming network traffic to DB (bytes/sec),0,redis_enterprise_database,bdb_ingress_bytes,
rdsc.bdb_ingress_bytes_max,gauge,15s,BYTES,second,Highest value of rate of incoming network traffic to DB (bytes/sec),1,redis_enterprise_database,bdb_ingress_bytes_max,
rdsc.bdb_instantaneous_ops_per_sec,count,15s,DB,operations/sec,Request rate handled by all shards of DB (ops/sec),0,redis_enterprise_database,bdb_instantaneous_ops_per_sec,
rdsc.bdb_main_thread_cpu_system,rate,15s,SYSTEM,cpu,% cores utilization in system mode for all redis shard main threas of this database,0,redis_enterprise_database,bdb_main_thread_cpu_system,
rdsc.bdb_main_thread_cpu_system_max,gauge,15s,SYSTEM,cpu,Highest value of % cores utilization in system mode for all redis shard main threas of this database,1,redis_enterprise_database,bdb_main_thread_cpu_system_max,
rdsc.bdb_main_thread_cpu_user,rate,15s,SYSTEM,cpu,% cores utilization in user mode for all redis shard main threads of this database,0,redis_enterprise_database,bdb_main_thread_cpu_user,
rdsc.bdb_main_thread_cpu_user_max,gauge,15s,SYSTEM,cpu,Highest value of % cores utilization in user mode for all redis shard main threads of this database,1,redis_enterprise_database,bdb_main_thread_cpu_user_max,
rdsc.bdb_mem_frag_ratio,rate,15s,MEMORY,fragmentation,RAM fragmentation ratio (RSS / allocated RAM),0,redis_enterprise_database,bdb_mem_frag_ratio,
rdsc.bdb_mem_not_counted_for_evict ,count,15s,MEMORY,bytes,,0,redis_enterprise_database,bdb_mem_not_counted_for_evict ,
rdsc.bdb_mem_size_lua,gauge,15s,MEMORY,bytes,Redis lua scripting heap size (bytes),0,redis_enterprise_database,bdb_mem_size_lua,
rdsc.bdb_memory_limit,count,15s,MEMORY,bytes,Configured RAM limit for the database (bytes),0,redis_enterprise_database,bdb_memory_limit,
rdsc.bdb_monitor_sessions_count,count,15s,DB,key,Number of client connected in monitor mode to the DB,1,redis_enterprise_database,bdb_monitor_sessions_count,
rdsc.bdb_no_of_expires ,count,15s,DB,key,Current number of volatile keys in the database,0,redis_enterprise_database,bdb_no_of_expires,
rdsc.bdb_no_of_keys,count,15s,DB,key,Number of keys in DB,0,redis_enterprise_database,bdb_no_of_keys,
rdsc.bdb_other_req,rate,15s,GENERAL,operation,Rate of other (non read/write) requests on DB (ops/sec),0,redis_enterprise_database,bdb_other_req,
rdsc.bdb_other_req_max,gauge,15s,GENERAL,operation,Highest value of rate of other (non read/write) requests on DB (ops/sec),1,redis_enterprise_database,bdb_other_req_max,
rdsc.bdb_other_res,rate,15s,GENERAL,operation,Rate of other (non read/write) responses on DB (ops/sec),0,redis_enterprise_database,bdb_other_res,
rdsc.bdb_other_res_max,gauge,15s,GENERAL,operation,Highest value of rate of other (non read/write) responses on DB (ops/sec),1,redis_enterprise_database,bdb_other_res_max,
rdsc.bdb_pubsub_channels,count,15s,DB,key,Count the pub/sub channels with subscribed clients,0,redis_enterprise_database,bdb_pubsub_channels,
rdsc.bdb_pubsub_channels_max,gauge,15s,DB,key,Highest value of count the pub/sub channels with subscribed clients,1,redis_enterprise_database,bdb_pubsub_channels_max,
rdsc.bdb_pubsub_patterns,count,15s,DB,key,Count the pub/sub patterns with subscribed clients,0,redis_enterprise_database,bdb_pubsub_patterns,
rdsc.bdb_pubsub_patterns_max,gauge,15s,DB,key,Highest value of count the pub/sub patterns with subscribed clients,1,redis_enterprise_database,bdb_pubsub_patterns_max,
rdsc.bdb_read_hits,count,15s,CACHE,hit,Rate of read operations accessing an existing key (ops/sec),0,redis_enterprise_database,bdb_read_hits,
rdsc.bdb_read_hits_max,gauge,15s,CACHE,hit,Highest value of rate of read operations accessing an existing key (ops/sec),1,redis_enterprise_database,bdb_read_hits_max,
rdsc.bdb_read_misses,count,15s,CACHE,miss,Rate of read operations accessing a non-existing key (ops/sec),0,redis_enterprise_database,bdb_read_misses,
rdsc.bdb_read_misses_max,gauge,15s,CACHE,miss,Highest value of rate of read operations accessing a non-existing key (ops/sec),1,redis_enterprise_database,bdb_read_misses_max,
rdsc.bdb_read_req,rate,15s,DB,get,Rate of read requests on DB (ops/sec),0,redis_enterprise_database,bdb_read_req,
rdsc.bdb_read_req_max,gauge,15s,DB,get,Highest value of rate of read requests on DB (ops/sec),1,redis_enterprise_database,bdb_read_req_max,
rdsc.bdb_read_res,rate,15s,DB,get,Rate of read responses on DB (ops/sec),0,redis_enterprise_database,bdb_read_res,
rdsc.bdb_read_res_max,gauge,15s,DB,get,Highest value of rate of read responses on DB (ops/sec),1,redis_enterprise_database,bdb_read_res_max,
rdsc.bdb_shard_cpu_system,rate,15s,SYSTEM,cpu,% cores utilization in system mode for all redis shard processes of this database,0,redis_enterprise_database,bdb_shard_cpu_system,
rdsc.bdb_shard_cpu_system_max,gauge,15s,SYSTEM,cpu,Highest value of % cores utilization in system mode for all redis shard processes of this database,1,redis_enterprise_database,bdb_shard_cpu_system_max,
rdsc.bdb_shard_cpu_user,rate,15s,SYSTEM,cpu,% cores utilization in user mode for the redis shard process,0,redis_enterprise_database,bdb_shard_cpu_user,
rdsc.bdb_shard_cpu_user_max,gauge,15s,SYSTEM,cpu,Highest value of % cores utilization in user mode for the redis shard process,1,redis_enterprise_database,bdb_shard_cpu_user_max,
rdsc.bdb_shards_used ,rate,15s,,,,,,,
rdsc.bdb_total_connections_received,count,15s,NETWORK,connection,Rate of new client connections to DB (connections/sec),0,redis_enterprise_database,bdb_total_connections_received,
rdsc.bdb_total_connections_received_max,gauge,15s,NETWORK,connection,Highest value of rate of new client connections to DB (connections/sec),1,redis_enterprise_database,bdb_total_connections_received_max,
rdsc.bdb_total_req,count,15s,DB,key,Rate of all requests on DB (ops/sec),0,redis_enterprise_database,bdb_total_req,
rdsc.bdb_total_req_max,gauge,15s,DB,key,Highest value of rate of all requests on DB (ops/sec),1,redis_enterprise_database,bdb_total_req_max,
rdsc.bdb_total_res,count,15s,DB,key,Rate of all responses on DB (ops/sec),0,redis_enterprise_database,bdb_total_res,
rdsc.bdb_total_res_max,gauge,15s,DB,key,Highest value of rate of all responses on DB (ops/sec),1,redis_enterprise_database,bdb_total_res_max,
rdsc.bdb_up,count,15s,SYSTEM,service,Database is up and running,0,redis_enterprise_database,bdb_up,
rdsc.bdb_used_memory,count,15s,DB,key,Memory used by db (in bigredis this includes flash) (bytes),0,redis_enterprise_database,bdb_used_memory,
rdsc.bdb_write_hits,count,15s,DB,key,Rate of write operations accessing an existing key (ops/sec),0,redis_enterprise_database,bdb_write_hits,
rdsc.bdb_write_hits_max,gauge,15s,DB,key,Highest value of rate of write operations accessing an existing key (ops/sec),1,redis_enterprise_database,bdb_write_hits_max,
rdsc.bdb_write_misses,count,15s,DB,key,Rate of write operations accessing a non-existing key (ops/sec),0,redis_enterprise_database,bdb_write_misses,
rdsc.bdb_write_misses_max,gauge,15s,DB,key,Highest value of rate of write operations accessing a non-existing key (ops/sec),1,redis_enterprise_database,bdb_write_misses_max,
rdsc.bdb_write_req,rate,15s,DB,key,Rate of write requests on DB (ops/sec),0,redis_enterprise_database,bdb_write_req,
rdsc.bdb_write_req_max,gauge,15s,DB,key,Highest value of rate of write requests on DB (ops/sec),1,redis_enterprise_database,bdb_write_req_max,
rdsc.bdb_write_res,rate,15s,DB,key,Rate of write responses on DB (ops/sec),0,redis_enterprise_database,bdb_write_res,
rdsc.bdb_write_res_max,gauge,15s,DB,key,Highest value of rate of write responses on DB (ops/sec),1,redis_enterprise_database,bdb_write_res_max,
rdsc.listener_acc_latency_total ,rate,15s,CACHE,replication,"Accumulative latency (sum of the latencies) of all types of commands on DB. For the average latency, divide this value by rdsc.listener_total_res",1,redis_enterprise_listener,listener_acc_latency_total ,
rdsc.listener_acc_latency_max_total ,gauge,15s,CACHE,replication,Highest value of accumulative latency of all types of commands on DB,1,redis_enterprise_listener,listener_acc_latency_max_total ,
rdsc.listener_acc_other_latency_total ,rate,15s,CACHE,replication,"Accumulative latency (sum of the latencies) of commands that are type “other” on DB. For the average latency, divide this value by rdsc.listener_other_res",1,redis_enterprise_listener,listener_acc_other_latency_total ,
rdsc.listener_acc_other_latency_max_total ,gauge,15s,CACHE,replication,Highest value of accumulative latency of commands that are type “other” on DB,1,redis_enterprise_listener,listener_acc_other_latency_max_total ,
rdsc.listener_acc_read_latency_total ,rate,15s,CACHE,replication,"Accumulative latency (sum of the latencies) of commands that are type “read” on DB. For the average latency, divide this value by rdsc.listener_read_res",1,redis_enterprise_listener,listener_acc_read_latency_total ,
rdsc.listener_acc_read_latency_max_total ,gauge,15s,CACHE,replication,Highest value of accumulative latency of commands that are type “read” on DB,1,redis_enterprise_listener,listener_acc_read_latency_max_total ,
rdsc.listener_acc_write_latency_total ,rate,15s,CACHE,replication,"Accumulative latency (sum of the latencies) of commands that are type “write” on DB. For the average latency, divide this value by rdsc.listener_write_res",1,redis_enterprise_listener,listener_acc_write_latency_total ,
rdsc.listener_acc_write_latency_max_total ,gauge,15s,CACHE,replication,Highest value of accumulative latency of commands that are type “write” on DB,1,redis_enterprise_listener,listener_acc_write_latency_max_total ,
rdsc.listener_auth_cmds_total ,rate,15s,DB,command,Number of memcached AUTH commands sent to the DB,0,redis_enterprise_listener,listener_auth_cmds_total ,
rdsc.listener_auth_cmds_max_total ,gauge,15s,DB,command,Highest value of number of memcached AUTH commands sent to the DB,1,redis_enterprise_listener,listener_auth_cmds_max_total ,
rdsc.listener_auth_errors_total ,rate,15s,DB,command,Number of error responses to memcached AUTH commands,0,redis_enterprise_listener,listener_auth_errors_total ,
rdsc.listener_auth_errors_max_total ,gauge,15s,DB,command,Highest value of number of error responses to memcached AUTH commands,1,redis_enterprise_listener,listener_auth_errors_max_total ,
rdsc.listener_cmd_flush_total ,rate,15s,DB,command,Number of memcached FLUSH_ALL commands sent to the DB,0,redis_enterprise_listener,listener_cmd_flush_total ,
rdsc.listener_cmd_flush_max_total ,gauge,15s,DB,command,Highest value of number of memcached FLUSH_ALL commands sent to the DB,1,redis_enterprise_listener,listener_cmd_flush_max_total ,
rdsc.listener_cmd_get_total ,rate,15s,DB,command,Number of memcached GET commands sent to the DB,0,redis_enterprise_listener,listener_cmd_get_total ,
rdsc.listener_cmd_get_max_total ,gauge,15s,DB,command,Highest value of number of memcached GET commands sent to the DB,1,redis_enterprise_listener,listener_cmd_get_max_total ,
rdsc.listener_cmd_set_total ,rate,15s,DB,command,Number of memcached SET commands sent to the DB,0,redis_enterprise_listener,listener_cmd_set_total ,
rdsc.listener_cmd_set_max_total ,gauge,15s,DB,command,Highest value of number of memcached SET commands sent to the DB,1,redis_enterprise_listener,listener_cmd_set_max_total ,
rdsc.listener_cmd_touch_total ,rate,15s,DB,command,Number of memcached TOUCH commands sent to the DB,0,redis_enterprise_listener,listener_cmd_touch_total ,
rdsc.listener_cmd_touch_max_total ,gauge,15s,DB,command,Highest value of number of memcached TOUCH commands sent to the DB,1,redis_enterprise_listener,listener_cmd_touch_max_total ,
rdsc.listener_conns_total ,count,15s,NETWORK,connection,Number of clients connected to the endpoint,0,redis_enterprise_listener,listener_conns_total ,
rdsc.listener_egress_bytes_total ,rate,15s,NETWORK,bytes/second,Rate of outgoing network traffic to the endpoint (bytes/sec),0,redis_enterprise_listener,listener_egress_bytes_total ,
rdsc.listener_egress_bytes_max_total ,gauge,15s,NETWORK,bytes/second,Highest value of rate of outgoing network traffic to the endpoint (bytes/sec),1,redis_enterprise_listener,listener_egress_bytes_max_total ,
rdsc.listener_ingress_bytes_total ,rate,15s,NETWORK,bytes/second,Rate of incoming network traffic to the endpoint (bytes/sec),0,redis_enterprise_listener,listener_ingress_bytes_total ,
rdsc.listener_ingress_bytes_max_total ,gauge,15s,NETWORK,bytes/second,Highest value of rate of incoming network traffic to the endpoint (bytes/sec),1,redis_enterprise_listener,listener_ingress_bytes_max_total ,
rdsc.listener_last_req_time_total ,count,15s,DB,command,Time of last command sent to the DB,1,redis_enterprise_listener,listener_last_req_time_total ,
rdsc.listener_last_res_time_total ,count,15s,DB,command,Time of last response sent from the DB,1,redis_enterprise_listener,listener_last_res_time_total ,
rdsc.listener_max_connections_exceeded_total ,rate,15s,NETWORK,connection,Number of times the Number of clients connected to the db at the same time has exeeded the max limit,0,redis_enterprise_listener,listener_max_connections_exceeded_total ,
rdsc.listener_max_connections_exceeded_max_total ,gauge,15s,NETWORK,connection,Highest value of number of times the Number of clients connected to the db at the same time has exeeded the max limit,1,redis_enterprise_listener,listener_max_connections_exceeded_max_total ,
rdsc.listener_monitor_sessions_count_total ,count,15s,NETWORK,session,Number of client connected in monitor mode to the endpoint,0,redis_enterprise_listener,listener_monitor_sessions_count_total ,
rdsc.listener_other_req_total ,rate,15s,NETWORK,request,Rate of other (non read/write) requests on the endpoint (ops/sec),0,redis_enterprise_listener,listener_other_req_total ,
rdsc.listener_other_req_max_total ,gauge,15s,NETWORK,request,Highest value of rate of other (non read/write) requests on the endpoint (ops/sec),1,redis_enterprise_listener,listener_other_req_max_total ,
rdsc.listener_other_res_total ,rate,15s,NETWORK,response,Rate of other (non read/write) responses on the endpoint (ops/sec),0,redis_enterprise_listener,listener_other_res_total ,
rdsc.listener_other_res_max_total ,gauge,15s,NETWORK,response,Highest value of rate of other (non read/write) responses on the endpoint (ops/sec),1,redis_enterprise_listener,listener_other_res_max_total ,
rdsc.listener_other_started_res_total ,rate,15s,NETWORK,response,Number of responses sent from the DB of type “other”,1,redis_enterprise_listener,listener_other_started_res_total ,
rdsc.listener_other_started_res_max_total ,gauge,15s,NETWORK,response,Highest value of number of responses sent from the DB of type “other”,1,redis_enterprise_listener,listener_other_started_res_max_total ,
rdsc.listener_read_req_total ,rate,15s,NETWORK,request,Rate of read requests on the endpoint (ops/sec),1,redis_enterprise_listener,listener_read_req_total ,
rdsc.listener_read_req_max_total ,gauge,15s,NETWORK,request,Highest value of rate of read requests on the endpoint (ops/sec),1,redis_enterprise_listener,listener_read_req_max_total ,
rdsc.listener_read_res_total ,rate,15s,NETWORK,response,Rate of read responses on the endpoint (ops/sec),1,redis_enterprise_listener,listener_read_res_total ,
rdsc.listener_read_res_max_total ,gauge,15s,NETWORK,response,Highest value of rate of read responses on the endpoint (ops/sec),1,redis_enterprise_listener,listener_read_res_max_total ,
rdsc.listener_read_started_res_total ,rate,15s,NETWORK,response,Number of responses sent from the DB of type “read”,1,redis_enterprise_listener,listener_read_started_res_total ,
rdsc.listener_read_started_res_max_total ,gauge,15s,NETWORK,response,Highest value of number of responses sent from the DB of type “read”,1,redis_enterprise_listener,listener_read_started_res_max_total ,
rdsc.listener_resp2_clients_total ,rate,15s,NETWORK,connection,Rate of new client connections to the endpoint (connections/sec),1,redis_enterprise_listener,listener_resp2_clients_total ,
rdsc.listener_resp2_clients_max_total ,gauge,15s,NETWORK,connection,Highest value of rate of new client connections to the endpoint (connections/sec),1,redis_enterprise_listener,listener_resp2_clients_max_total ,
rdsc.listener_resp3_clients_total ,rate,15s,NETWORK,connection,Request rate handled by the endpoint (ops/sec),1,redis_enterprise_listener,listener_resp3_clients_total ,
rdsc.listener_resp3_clients_max_total ,gauge,15s,NETWORK,connection,Highest value of rate of all requests on the endpoint (ops/sec),1,redis_enterprise_listener,listener_resp3_clients_max_total ,
rdsc.listener_sconn_hello_failed_total ,rate,15s,NETWORK,response,Rate of all responses on the endpoint (ops/sec),1,redis_enterprise_listener,listener_sconn_hello_failed_total ,
rdsc.listener_sconn_hello_failed_max_total ,gauge,15s,NETWORK,response,Highest value of rate of all responses on the endpoint (ops/sec),1,redis_enterprise_listener,listener_sconn_hello_failed_max_total ,
rdsc.listener_sconn_hello_setresp_total ,rate,15s,NETWORK,response,Number of responses sent from the DB of all types,1,redis_enterprise_listener,listener_sconn_hello_setresp_total ,
rdsc.listener_sconn_hello_setresp_max_total ,gauge,15s,NETWORK,response,Highest value of number of responses sent from the DB of all types,1,redis_enterprise_listener,listener_sconn_hello_setresp_max_total ,
rdsc.listener_sconn_hello_setuser_total ,rate,15s,NETWORK,request,Rate of write requests on the endpoint (ops/sec),1,redis_enterprise_listener,listener_sconn_hello_setuser_total ,
rdsc.listener_sconn_hello_setuser_max_total ,gauge,15s,NETWORK,request,Highest value of rate of write requests on the endpoint (ops/sec),1,redis_enterprise_listener,listener_sconn_hello_setuser_max_total ,
rdsc.listener_total_connections_received_total ,rate,15s,NETWORK,connection,Rate of write responses on the endpoint (ops/sec),0,redis_enterprise_listener,listener_total_connections_received_total ,
rdsc.listener_total_connections_received_max_total ,gauge,15s,NETWORK,connection,Highest value of rate of write responses on the endpoint (ops/sec),1,redis_enterprise_listener,listener_total_connections_received_max_total ,
rdsc.listener_total_req_total ,rate,15s,NETWORK,request,Number of responses sent from the DB of type “write”,1,redis_enterprise_listener,listener_total_req_total ,
rdsc.listener_total_req_max_total ,gauge,15s,NETWORK,request,Highest value of number of responses sent from the DB of type “write”,1,redis_enterprise_listener,listener_total_req_max_total ,
rdsc.listener_total_res_total ,rate,15s,NETWORK,response,"Accumulative latency (sum of the latencies) of all types of commands on DB. For the average latency, divide this value by rdsc.listener_total_res",1,redis_enterprise_listener,listener_total_res_total ,
rdsc.listener_total_res_max_total ,gauge,15s,NETWORK,response,Highest value of accumulative latency of all types of commands on DB,1,redis_enterprise_listener,listener_total_res_max_total ,
rdsc.listener_total_started_res_total ,rate,15s,NETWORK,response,"Accumulative latency (sum of the latencies) of commands that are type “other” on DB. For the average latency, divide this value by rdsc.listener_other_res",1,redis_enterprise_listener,listener_total_started_res_total ,
rdsc.listener_total_started_res_max_total ,gauge,15s,NETWORK,response,Highest value of accumulative latency of commands that are type “other” on DB,1,redis_enterprise_listener,listener_total_started_res_max_total ,
rdsc.listener_write_req_total ,rate,15s,NETWORK,request,"Accumulative latency (sum of the latencies) of commands that are type “read” on DB. For the average latency, divide this value by rdsc.listener_read_res",1,redis_enterprise_listener,listener_write_req_total ,
rdsc.listener_write_req_max_total ,gauge,15s,NETWORK,request,Highest value of accumulative latency of commands that are type “read” on DB,1,redis_enterprise_listener,listener_write_req_max_total ,
rdsc.listener_write_res_total ,rate,15s,NETWORK,response,"Accumulative latency (sum of the latencies) of commands that are type “write” on DB. For the average latency, divide this value by rdsc.listener_write_res",1,redis_enterprise_listener,listener_write_res_total ,
rdsc.listener_write_res_max_total ,gauge,15s,NETWORK,response,Highest value of accumulative latency of commands that are type “write” on DB,1,redis_enterprise_listener,listener_write_res_max_total ,
rdsc.listener_write_started_res_total ,rate,15s,NETWORK,response,Number of memcached AUTH commands sent to the DB,1,redis_enterprise_listener,listener_write_started_res_total ,
rdsc.listener_write_started_res_max_total ,gauge,15s,NETWORK,response,Highest value of number of memcached AUTH commands sent to the DB,1,redis_enterprise_listener,listener_write_started_res_max_total ,
rdsc.node_available_memory,count,15s,BYTES,byte,Amount of free memory in node (bytes) that is available for database provisioning,0,redis_enterprise_node,node_available_memory,
rdsc.node_available_memory_no_overbooking,count,15s,BYTES,byte,Available ram in node (bytes) without taking into account overbooking,0,redis_enterprise_node,node_available_memory_no_overbooking,
rdsc.node_conns,count,15s,NETWORK,connection,Number of clients connected to endpoints on node,0,redis_enterprise_node,node_conns,
rdsc.node_cpu_idle,rate,15s,SYSTEM,cpu,"CPU idle time portion (0-1, multiply by 100 to get percent)",0,redis_enterprise_node,node_cpu_idle,
rdsc.node_cpu_idle_max,gauge,15s,SYSTEM,cpu,"Highest value of CPU idle time portion (0-1, multiply by 100 to get percent)",1,redis_enterprise_node,node_cpu_idle_max,
rdsc.node_cpu_idle_median,gauge,15s,SYSTEM,cpu,"Average value of CPU idle time portion (0-1, multiply by 100 to get percent)",0,redis_enterprise_node,node_cpu_idle_median,
rdsc.node_cpu_idle_min,gauge,15s,SYSTEM,cpu,"Lowest value of CPU idle time portion (0-1, multiply by 100 to get percent)",-1,redis_enterprise_node,node_cpu_idle_min,
rdsc.node_cpu_iowait,rate,15s,SYSTEM,cpu,"CPU IO wait time portion (0-1, multiply by 100 to get percent)",0,redis_enterprise_node,node_cpu_iowait,
rdsc.node_cpu_iowait_max,gauge,15s,SYSTEM,cpu,"Highest value of CPU IO wait time portion (0-1, multiply by 100 to get percent)",1,redis_enterprise_node,node_cpu_iowait_max,
rdsc.node_cpu_iowait_median,gauge,15s,SYSTEM,cpu,"Average value of CPU IO wait time portion (0-1, multiply by 100 to get percent)",0,redis_enterprise_node,node_cpu_iowait_median,
rdsc.node_cpu_iowait_min,gauge,15s,SYSTEM,cpu,"Lowest value of CPU IO wait time portion (0-1, multiply by 100 to get percent)",-1,redis_enterprise_node,node_cpu_iowait_min,
rdsc.node_cpu_irqs,rate,15s,SYSTEM,cpu,"CPU IRQ time portion (0-1, multiply by 100 to get percent)",0,redis_enterprise_node,node_cpu_irqs,
rdsc.node_cpu_irqs_max,gauge,15s,SYSTEM,cpu,"Highest value of CPU IRQ time portion (0-1, multiply by 100 to get percent)",1,redis_enterprise_node,node_cpu_irqs_max,
rdsc.node_cpu_irqs_median,gauge,15s,SYSTEM,cpu,"Average value of CPU IRQ time portion (0-1, multiply by 100 to get percent)",0,redis_enterprise_node,node_cpu_irqs_median,
rdsc.node_cpu_irqs_min,gauge,15s,SYSTEM,cpu,"Lowest value of CPU IRQ time portion (0-1, multiply by 100 to get percent)",-1,redis_enterprise_node,node_cpu_irqs_min,
rdsc.node_cpu_nice,rate,15s,SYSTEM,cpu,"CPU nice time portion (0-1, multiply by 100 to get percent)",0,redis_enterprise_node,node_cpu_nice,
rdsc.node_cpu_nice_max,gauge,15s,SYSTEM,cpu,"Highest value of CPU nice time portion (0-1, multiply by 100 to get percent)",1,redis_enterprise_node,node_cpu_nice_max,
rdsc.node_cpu_nice_median,gauge,15s,SYSTEM,cpu,"Average value of CPU nice time portion (0-1, multiply by 100 to get percent)",0,redis_enterprise_node,node_cpu_nice_median,
rdsc.node_cpu_nice_min,gauge,15s,SYSTEM,cpu,"Lowest value of CPU nice time portion (0-1, multiply by 100 to get percent)",-1,redis_enterprise_node,node_cpu_nice_min,
rdsc.node_cpu_steal,rate,15s,SYSTEM,cpu,"CPU time portion spent in kernel (0-1, multiply by 100 to get percent)",0,redis_enterprise_node,node_cpu_steal,
rdsc.node_cpu_steal_max,gauge,15s,SYSTEM,cpu,"Highest value of CPU time portion spent in kernel (0-1, multiply by 100 to get percent)",1,redis_enterprise_node,node_cpu_steal_max,
rdsc.node_cpu_steal_median,gauge,15s,SYSTEM,cpu,"Average value of CPU time portion spent in kernel (0-1, multiply by 100 to get percent)",0,redis_enterprise_node,node_cpu_steal_median,
rdsc.node_cpu_steal_min,gauge,15s,SYSTEM,cpu,"Lowest value of CPU time portion spent in kernel (0-1, multiply by 100 to get percent)",-1,redis_enterprise_node,node_cpu_steal_min,
rdsc.node_cpu_system,rate,15s,SYSTEM,cpu,"CPU time portion spent by kernel-space processes (0-1, multiply by 100 to get percent)",0,redis_enterprise_node,node_cpu_system,
rdsc.node_cpu_system_max,gauge,15s,SYSTEM,cpu,"Highest value of CPU time portion spent by kernel-space processes (0-1, multiply by 100 to get percent)",1,redis_enterprise_node,node_cpu_system_max,
rdsc.node_cpu_system_median,gauge,15s,SYSTEM,cpu,"Average value of CPU time portion spent by kernel-space processes (0-1, multiply by 100 to get percent)",0,redis_enterprise_node,node_cpu_system_median,
rdsc.node_cpu_system_min,gauge,15s,SYSTEM,cpu,"Lowest value of CPU time portion spent by kernel-space processes (0-1, multiply by 100 to get percent)",-1,redis_enterprise_node,node_cpu_system_min,
rdsc.node_cpu_user,rate,15s,SYSTEM,cpu,"CPU time portion spent by user-space processes (0-1, multiply by 100 to get percent)",0,redis_enterprise_node,node_cpu_user,
rdsc.node_cpu_user_max,gauge,15s,SYSTEM,cpu,"Highest value of CPU time portion spent by user-space processes (0-1, multiply by 100 to get percent)",1,redis_enterprise_node,node_cpu_user_max,
rdsc.node_cpu_user_median,gauge,15s,SYSTEM,cpu,"Average value of CPU time portion spent by user-space processes (0-1, multiply by 100 to get percent)",0,redis_enterprise_node,node_cpu_user_median,
rdsc.node_cpu_user_min,gauge,15s,SYSTEM,cpu,"Lowest value of CPU time portion spent by user-space processes (0-1, multiply by 100 to get percent)",-1,redis_enterprise_node,node_cpu_user_min,
rdsc.node_cur_aof_rewrites,count,15s,GENERAL,write,Number of aof rewrites that are currently performed by shards on this node,0,redis_enterprise_node,node_cur_aof_rewrites,
rdsc.node_egress_bytes,rate,15s,BYTES,byte,Rate of outgoing network traffic to node (bytes/sec),0,redis_enterprise_node,node_egress_bytes,
rdsc.node_egress_bytes_max,gauge,15s,BYTES,byte,Highest value of rate of outgoing network traffic to node (bytes/sec),1,redis_enterprise_node,node_egress_bytes_max,
rdsc.node_egress_bytes_median,gauge,15s,BYTES,byte,Average value of rate of outgoing network traffic to node (bytes/sec),0,redis_enterprise_node,node_egress_bytes_median,
rdsc.node_egress_bytes_min,gauge,15s,BYTES,byte,Lowest value of rate of outgoing network traffic to node (bytes/sec),-1,redis_enterprise_node,node_egress_bytes_min,
rdsc.node_ephemeral_storage_avail,count,15s,BYTES,byte,Disk space available to RLEC processes on configured ephemeral disk (bytes),0,redis_enterprise_node,node_ephemeral_storage_avail,
rdsc.node_ephemeral_storage_free,count,15s,BYTES,byte,Free disk space on configured ephemeral disk (bytes),0,redis_enterprise_node,node_ephemeral_storage_free,
rdsc.node_free_memory,count,15s,BYTES,byte,Free memory in node (bytes),0,redis_enterprise_node,node_free_memory,
rdsc.node_ingress_bytes,rate,15s,BYTES,byte,Rate of incoming network traffic to node (bytes/sec),0,redis_enterprise_node,node_ingress_bytes,
rdsc.node_ingress_bytes_max,gauge,15s,BYTES,byte,Highest value of rate of incoming network traffic to node (bytes/sec),1,redis_enterprise_node,node_ingress_bytes_max,
rdsc.node_ingress_bytes_median,gauge,15s,BYTES,byte,Average value of rate of incoming network traffic to node (bytes/sec),0,redis_enterprise_node,node_ingress_bytes_median,
rdsc.node_ingress_bytes_min,gauge,15s,BYTES,byte,Lowest value of rate of incoming network traffic to node (bytes/sec),-1,redis_enterprise_node,node_ingress_bytes_min,
rdsc.node_persistent_storage_avail,count,15s,BYTES,byte,Disk space available to RLEC processes on configured persistent disk (bytes),0,redis_enterprise_node,node_persistent_storage_avail,
rdsc.node_persistent_storage_free,count,15s,BYTES,byte,Free disk space on configured persistent disk (bytes),0,redis_enterprise_node,node_persistent_storage_free,
rdsc.node_provisional_memory,count,15s,BYTES,byte,Amount of RAM that is available for provisioning to databases out of the total RAM allocated for databases,0,redis_enterprise_node,node_provisional_memory,
rdsc.node_provisional_memory_no_overbooking,count,15s,BYTES,byte,"Amount of RAM that is available for provisioning to databases out of the total RAM allocated for databases, without taking into account overbooking",0,redis_enterprise_node,node_provisional_memory_no_overbooking,
rdsc.node_total_req,rate,15s,NETWORK,request,Request rate handled by endpoints on node (ops/sec),0,redis_enterprise_node,node_total_req,
rdsc.dmcproxy_process_cpu_system_seconds_total,count,15s,second,,Total CPU time used by the proxy,1,redis_cloud_operations,,
rdsc.dmcproxy_process_cpu_usage_percent,gauge,15s,percent,,Percent CPU used by the proxy,0,redis_cloud_operations,,
rdsc.dmcproxy_process_cpu_user_seconds_total,count,15s,second,,Total seconds the proxy used CPU,1,redis_cloud_operations,,
rdsc.dmcproxy_process_main_thread_cpu_system_seconds_total,count,15s,second,,Total seconds the proxy main thread used CPU,1,redis_cloud_operations,,
rdsc.dmcproxy_process_main_thread_cpu_user_seconds_total,count,15s,second,,Total seconds the proxy main thread used CPU,1,redis_cloud_operations,,
rdsc.dmcproxy_process_max_fds,count,15s,file,,Maximum number of file descriptors used by the proxy,1,redis_cloud_operations,,
rdsc.dmcproxy_process_open_fds,gauge,15s,file,,Maximum number of file descriptors used by the proxy,0,redis_cloud_operations,,
rdsc.dmcproxy_process_resident_memory_bytes,gauge,15s,byte,,Resident memory used by the proxy,0,redis_cloud_operations,,
rdsc.dmcproxy_process_start_time_seconds,gauge,15s,second,,Number of seconds since the proxy started,0,redis_cloud_operations,,
rdsc.dmcproxy_process_virtual_memory_bytes,gauge,15s,byte,,Virtual memory used by the proxy,0,redis_cloud_operations,,

